id,name,model_id:id,group_id:id,perm_read,perm_write,perm_create,perm_unlink
access_discount_category_user,discount.category.user,model_discount_category,sales_team.group_sale_salesman,1,0,0,0
access_discount_category_manager,discount.category.manager,model_discount_category,sales_team.group_sale_manager,1,1,1,1
access_product_uom_factor,product.uom.factor,model_product_uom_factor,base.group_user,1,1,1,1
access_product_material,product.material,model_product_material,base.group_user,1,1,1,1
access_product_standardization,product.standardization,model_product_standardization,base.group_user,1,1,1,1
access_product_finishing,product.finishing,model_product_finishing,base.group_user,1,1,1,1
access_partner_risk_category,partner.risk.category,model_partner_risk_category,base.group_user,1,1,1,1
access_partner_segment,partner.segment,model_partner_segment,base.group_user,1,1,1,1
access_partner_suspension_log,partner.suspension.log,model_partner_suspension_log,base.group_user,1,1,1,1
